101,Van Cortlandt Park - 242 St
101N,Van Cortlandt Park - 242 St
101S,Van Cortlandt Park - 242 St
103,238 St
103N,238 St
103S,238 St
104,231 St
104N,231 St
104S,231 St
106,Marble Hill - 225 St
106N,Marble Hill - 225 St
106S,Marble Hill - 225 St
107,215 St
107N,215 St
107S,215 St
108,207 St
108N,207 St
108S,207 St
109,Dyckman St
109N,Dyckman St
109S,Dyckman St
110,191 St
110N,191 St
110S,191 St
111,181 St
111N,181 St
111S,181 St
112,168 St - Washington Hts
112N,168 St - Washington Hts
112S,168 St - Washington Hts
113,157 St
113N,157 St
113S,157 St
114,145 St
114N,145 St
114S,145 St
115,137 St - City College
115N,137 St - City College
115S,137 St - City College
116,125 St
116N,125 St
116S,125 St
117,116 St - Columbia University
117N,116 St - Columbia University
117S,116 St - Columbia University
118,Cathedral Pkwy
118N,Cathedral Pkwy
118S,Cathedral Pkwy
119,103 St
119N,103 St
119S,103 St
120,96 St
120N,96 St
120S,96 St
121,86 St
121N,86 St
121S,86 St
122,79 St
122N,79 St
122S,79 St
123,72 St
123N,72 St
123S,72 St
124,66 St - Lincoln Center
124N,66 St - Lincoln Center
124S,66 St - Lincoln Center
125,59 St - Columbus Circle
125N,59 St - Columbus Circle
125S,59 St - Columbus Circle
126,50 St
126N,50 St
126S,50 St
127,Times Sq - 42 St
127N,Times Sq - 42 St
127S,Times Sq - 42 St
128,34 St - Penn Station
128N,34 St - Penn Station
128S,34 St - Penn Station
129,28 St
129N,28 St
129S,28 St
130,23 St
130N,23 St
130S,23 St
131,18 St
131N,18 St
131S,18 St
132,14 St
132N,14 St
132S,14 St
133,Christopher St - Sheridan Sq
133N,Christopher St - Sheridan Sq
133S,Christopher St - Sheridan Sq
134,Houston St
134N,Houston St
134S,Houston St
135,Canal St
135N,Canal St
135S,Canal St
136,Franklin St
136N,Franklin St
136S,Franklin St
137,Chambers St
137N,Chambers St
137S,Chambers St
138,Cortlandt St
138N,Cortlandt St
138S,Cortlandt St
139,Rector St
139N,Rector St
139S,Rector St
140,South Ferry Loop
140N,South Ferry Loop
140S,South Ferry Loop
142,South Ferry
142N,South Ferry
142S,South Ferry
201,Wakefield - 241 St
201N,Wakefield - 241 St
201S,Wakefield - 241 St
204,Nereid Av
204N,Nereid Av
204S,Nereid Av
205,233 St
205N,233 St
205S,233 St
206,225 St
206N,225 St
206S,225 St
207,219 St
207N,219 St
207S,219 St
208,Gun Hill Rd
208N,Gun Hill Rd
208S,Gun Hill Rd
209,Burke Av
209N,Burke Av
209S,Burke Av
210,Allerton Av
210N,Allerton Av
210S,Allerton Av
211,Pelham Pkwy
211N,Pelham Pkwy
211S,Pelham Pkwy
212,Bronx Park East
212N,Bronx Park East
212S,Bronx Park East
213,E 180 St
213N,E 180 St
213S,E 180 St
214,West Farms Sq - E Tremont Av
214N,West Farms Sq - E Tremont Av
214S,West Farms Sq - E Tremont Av
215,174 St
215N,174 St
215S,174 St
216,Freeman St
216N,Freeman St
216S,Freeman St
217,Simpson St
217N,Simpson St
217S,Simpson St
218,Intervale Av
218N,Intervale Av
218S,Intervale Av
219,Prospect Av
219N,Prospect Av
219S,Prospect Av
220,Jackson Av
220N,Jackson Av
220S,Jackson Av
221,3 Av - 149 St
221N,3 Av - 149 St
221S,3 Av - 149 St
222,149 St - Grand Concourse
222N,149 St - Grand Concourse
222S,149 St - Grand Concourse
224,135 St
224N,135 St
224S,135 St
225,125 St
225N,125 St
225S,125 St
226,116 St
226N,116 St
226S,116 St
227,Central Park North (110 St)
227N,Central Park North (110 St)
227S,Central Park North (110 St)
227.1,96 St
227.1N,96 St
227.1S,96 St
227.2,72 St
227.2N,72 St
227.2S,72 St
227.3,Times Sq - 42 St
227.3N,Times Sq - 42 St
227.3S,Times Sq - 42 St
227.4,34 St - Penn Station
227.4N,34 St - Penn Station
227.4S,34 St - Penn Station
227.5,14 St
227.5N,14 St
227.5S,14 St
228,Park Pl
228N,Park Pl
228S,Park Pl
229,Fulton St
229N,Fulton St
229S,Fulton St
230,Wall St
230N,Wall St
230S,Wall St
231,Clark St
231N,Clark St
231S,Clark St
232,Borough Hall
232N,Borough Hall
232S,Borough Hall
233,Hoyt St
233N,Hoyt St
233S,Hoyt St
234,Nevins St
234N,Nevins St
234S,Nevins St
235,Atlantic Av-Barclays Ctr
235N,Atlantic Av-Barclays Ctr
235S,Atlantic Av-Barclays Ctr
236,Bergen St
236N,Bergen St
236S,Bergen St
237,Grand Army Plaza
237N,Grand Army Plaza
237S,Grand Army Plaza
238,Eastern Pkwy - Brooklyn Museum
238N,Eastern Pkwy - Brooklyn Museum
238S,Eastern Pkwy - Brooklyn Museum
239,Franklin Av
239N,Franklin Av
239S,Franklin Av
241,President St
241N,President St
241S,President St
242,Sterling St
242N,Sterling St
242S,Sterling St
243,Winthrop St
243N,Winthrop St
243S,Winthrop St
244,Church Av
244N,Church Av
244S,Church Av
245,Beverly Rd
245N,Beverly Rd
245S,Beverly Rd
246,Newkirk Av
246N,Newkirk Av
246S,Newkirk Av
247,Flatbush Av - Brooklyn College
247N,Flatbush Av - Brooklyn College
247S,Flatbush Av - Brooklyn College
301,Harlem - 148 St
301N,Harlem - 148 St
301S,Harlem - 148 St
302,145 St
302N,145 St
302S,145 St
303,135 St
303N,135 St
303S,135 St
304,125 St
304N,125 St
304S,125 St
305,116 St
305N,116 St
305S,116 St
306,Central Park North (110 St)
306N,Central Park North (110 St)
306S,Central Park North (110 St)
308,96 St
308N,96 St
308S,96 St
309,72 St
309N,72 St
309S,72 St
310,Times Sq - 42 St
310N,Times Sq - 42 St
310S,Times Sq - 42 St
311,34 St - Penn Station
311N,34 St - Penn Station
311S,34 St - Penn Station
312,14 St
312N,14 St
312S,14 St
313,Park Pl
313N,Park Pl
313S,Park Pl
314,Fulton St
314N,Fulton St
314S,Fulton St
315,Wall St
315N,Wall St
315S,Wall St
316,Clark St
316N,Clark St
316S,Clark St
317,Borough Hall
317N,Borough Hall
317S,Borough Hall
318,Hoyt St
318N,Hoyt St
318S,Hoyt St
319,Nevins St
319N,Nevins St
319S,Nevins St
320,Atlantic Av-Barclays Ctr
320N,Atlantic Av-Barclays Ctr
320S,Atlantic Av-Barclays Ctr
321,Bergen St
321N,Bergen St
321S,Bergen St
322,Grand Army Plaza
322N,Grand Army Plaza
322S,Grand Army Plaza
323,Eastern Pkwy - Brooklyn Museum
323N,Eastern Pkwy - Brooklyn Museum
323S,Eastern Pkwy - Brooklyn Museum
324,Franklin Av
324N,Franklin Av
324S,Franklin Av
325,Nostrand Av
325N,Nostrand Av
325S,Nostrand Av
326,Kingston Av
326N,Kingston Av
326S,Kingston Av
327,Crown Hts - Utica Av
327N,Crown Hts - Utica Av
327S,Crown Hts - Utica Av
328,Sutter Av - Rutland Rd
328N,Sutter Av - Rutland Rd
328S,Sutter Av - Rutland Rd
329,Saratoga Av
329N,Saratoga Av
329S,Saratoga Av
330,Rockaway Av
330N,Rockaway Av
330S,Rockaway Av
331,Junius St
331N,Junius St
331S,Junius St
332,Pennsylvania Av
332N,Pennsylvania Av
332S,Pennsylvania Av
333,Van Siclen Av
333N,Van Siclen Av
333S,Van Siclen Av
334,New Lots Av
334N,New Lots Av
334S,New Lots Av
401,Woodlawn
401N,Woodlawn
401S,Woodlawn
402,Mosholu Pkwy
402N,Mosholu Pkwy
402S,Mosholu Pkwy
405,Bedford Park Blvd - Lehman College
405N,Bedford Park Blvd - Lehman College
405S,Bedford Park Blvd - Lehman College
406,Kingsbridge Rd
406N,Kingsbridge Rd
406S,Kingsbridge Rd
407,Fordham Rd
407N,Fordham Rd
407S,Fordham Rd
408,183 St
408N,183 St
408S,183 St
409,Burnside Av
409N,Burnside Av
409S,Burnside Av
410,176 St
410N,176 St
410S,176 St
411,Mt Eden Av
411N,Mt Eden Av
411S,Mt Eden Av
412,170 St
412N,170 St
412S,170 St
413,167 St
413N,167 St
413S,167 St
414,161 St - Yankee Stadium
414N,161 St - Yankee Stadium
414S,161 St - Yankee Stadium
415,149 St - Grand Concourse
415N,149 St - Grand Concourse
415S,149 St - Grand Concourse
416,138 St - Grand Concourse
416N,138 St - Grand Concourse
416S,138 St - Grand Concourse
417,125 St
417N,125 St
417S,125 St
417.1,86 St
417.1N,86 St
417.1S,86 St
417.2,59 St
417.2N,59 St
417.2S,59 St
417.3,Grand Central - 42 St
417.3N,Grand Central - 42 St
417.3S,Grand Central - 42 St
417.4,14 St - Union Sq
417.4N,14 St - Union Sq
417.4S,14 St - Union Sq
417.5,Brooklyn Bridge - City Hall
417.5N,Brooklyn Bridge - City Hall
417.5S,Brooklyn Bridge - City Hall
418,Fulton St
418N,Fulton St
418S,Fulton St
419,Wall St
419N,Wall St
419S,Wall St
420,Bowling Green
420N,Bowling Green
420S,Bowling Green
423,Borough Hall
423N,Borough Hall
423S,Borough Hall
424,Nevins St
424N,Nevins St
424S,Nevins St
425,Atlantic Av-Barclays Ctr
425N,Atlantic Av-Barclays Ctr
425S,Atlantic Av-Barclays Ctr
426,Franklin Av
426N,Franklin Av
426S,Franklin Av
427,Crown Hts - Utica Av
427N,Crown Hts - Utica Av
427S,Crown Hts - Utica Av
501,Eastchester - Dyre Av
501N,Eastchester - Dyre Av
501S,Eastchester - Dyre Av
502,Baychester Av
502N,Baychester Av
502S,Baychester Av
503,Gun Hill Rd
503N,Gun Hill Rd
503S,Gun Hill Rd
504,Pelham Pkwy
504N,Pelham Pkwy
504S,Pelham Pkwy
505,Morris Park
505N,Morris Park
505S,Morris Park
506,E 180 St
506N,E 180 St
506S,E 180 St
507,West Farms Sq - E Tremont Av
507N,West Farms Sq - E Tremont Av
507S,West Farms Sq - E Tremont Av
508,174 St
508N,174 St
508S,174 St
509,Freeman St
509N,Freeman St
509S,Freeman St
510,Simpson St
510N,Simpson St
510S,Simpson St
511,Intervale Av
511N,Intervale Av
511S,Intervale Av
512,Prospect Av
512N,Prospect Av
512S,Prospect Av
513,Jackson Av
513N,Jackson Av
513S,Jackson Av
514,3 Av - 149 St
514N,3 Av - 149 St
514S,3 Av - 149 St
515,149 St - Grand Concourse
515N,149 St - Grand Concourse
515S,149 St - Grand Concourse
516,138 St - Grand Concourse
516N,138 St - Grand Concourse
516S,138 St - Grand Concourse
517,125 St
517N,125 St
517S,125 St
518,86 St
518N,86 St
518S,86 St
519,59 St
519N,59 St
519S,59 St
520,Grand Central - 42 St
520N,Grand Central - 42 St
520S,Grand Central - 42 St
521,14 St - Union Sq
521N,14 St - Union Sq
521S,14 St - Union Sq
522,Brooklyn Bridge - City Hall
522N,Brooklyn Bridge - City Hall
522S,Brooklyn Bridge - City Hall
523,Fulton St
523N,Fulton St
523S,Fulton St
524,Wall St
524N,Wall St
524S,Wall St
525,Bowling Green
525N,Bowling Green
525S,Bowling Green
526,Borough Hall
526N,Borough Hall
526S,Borough Hall
527,Nevins St
527N,Nevins St
527S,Nevins St
528,Atlantic Av-Barclays Ctr
528N,Atlantic Av-Barclays Ctr
528S,Atlantic Av-Barclays Ctr
529,Franklin Av
529N,Franklin Av
529S,Franklin Av
530,President St
530N,President St
530S,President St
531,Sterling St
531N,Sterling St
531S,Sterling St
532,Winthrop St
532N,Winthrop St
532S,Winthrop St
533,Church Av
533N,Church Av
533S,Church Av
534,Beverly Rd
534N,Beverly Rd
534S,Beverly Rd
535,Newkirk Av
535N,Newkirk Av
535S,Newkirk Av
536,Flatbush Av - Brooklyn College
536N,Flatbush Av - Brooklyn College
536S,Flatbush Av - Brooklyn College
601,Pelham Bay Park
601N,Pelham Bay Park
601S,Pelham Bay Park
602,Buhre Av
602N,Buhre Av
602S,Buhre Av
603,Middletown Rd
603N,Middletown Rd
603S,Middletown Rd
604,Westchester Sq - E Tremont Av
604N,Westchester Sq - E Tremont Av
604S,Westchester Sq - E Tremont Av
606,Zerega Av
606N,Zerega Av
606S,Zerega Av
607,Castle Hill Av
607N,Castle Hill Av
607S,Castle Hill Av
608,Parkchester
608N,Parkchester
608S,Parkchester
609,St Lawrence Av
609N,St Lawrence Av
609S,St Lawrence Av
610,Morrison Av- Sound View
610N,Morrison Av- Sound View
610S,Morrison Av- Sound View
611,Elder Av
611N,Elder Av
611S,Elder Av
612,Whitlock Av
612N,Whitlock Av
612S,Whitlock Av
613,Hunts Point Av
613N,Hunts Point Av
613S,Hunts Point Av
614,Longwood Av
614N,Longwood Av
614S,Longwood Av
615,E 149 St
615N,E 149 St
615S,E 149 St
616,E 143 St - St Mary's St
616N,E 143 St - St Mary's St
616S,E 143 St - St Mary's St
617,Cypress Av
617N,Cypress Av
617S,Cypress Av
618,Brook Av
618N,Brook Av
618S,Brook Av
619,3 Av - 138 St
619N,3 Av - 138 St
619S,3 Av - 138 St
621,125 St
621N,125 St
621S,125 St
622,116 St
622N,116 St
622S,116 St
623,110 St
623N,110 St
623S,110 St
624,103 St
624N,103 St
624S,103 St
625,96 St
625N,96 St
625S,96 St
626,86 St
626N,86 St
626S,86 St
627,77 St
627N,77 St
627S,77 St
628,68 St - Hunter College
628N,68 St - Hunter College
628S,68 St - Hunter College
629,59 St
629N,59 St
629S,59 St
630,51 St
630N,51 St
630S,51 St
631,Grand Central - 42 St
631N,Grand Central - 42 St
631S,Grand Central - 42 St
632,33 St
632N,33 St
632S,33 St
633,28 St
633N,28 St
633S,28 St
634,23 St
634N,23 St
634S,23 St
635,14 St - Union Sq
635N,14 St - Union Sq
635S,14 St - Union Sq
636,Astor Pl
636N,Astor Pl
636S,Astor Pl
637,Bleecker St
637N,Bleecker St
637S,Bleecker St
638,Spring St
638N,Spring St
638S,Spring St
639,Canal St
639N,Canal St
639S,Canal St
640,Brooklyn Bridge - City Hall
640N,Brooklyn Bridge - City Hall
640S,Brooklyn Bridge - City Hall
701,Flushing - Main St
701N,Flushing - Main St
701S,Flushing - Main St
702,Mets - Willets Point
702N,Mets - Willets Point
702S,Mets - Willets Point
705,111 St
705N,111 St
705S,111 St
706,103 St - Corona Plaza
706N,103 St - Corona Plaza
706S,103 St - Corona Plaza
707,Junction Blvd
707N,Junction Blvd
707S,Junction Blvd
708,90 St - Elmhurst Av
708N,90 St - Elmhurst Av
708S,90 St - Elmhurst Av
709,82 St - Jackson Hts
709N,82 St - Jackson Hts
709S,82 St - Jackson Hts
710,74 St - Broadway
710N,74 St - Broadway
710S,74 St - Broadway
711,69 St
711N,69 St
711S,69 St
712,Woodside - 61 St
712N,Woodside - 61 St
712S,Woodside - 61 St
713,52 St
713N,52 St
713S,52 St
714,46 St
714N,46 St
714S,46 St
715,40 St
715N,40 St
715S,40 St
716,33 St
716N,33 St
716S,33 St
718,Queensboro Plaza
718N,Queensboro Plaza
718S,Queensboro Plaza
719,Court Sq
719N,Court Sq
719S,Court Sq
720,Hunters Point Av
720N,Hunters Point Av
720S,Hunters Point Av
721,Vernon Blvd - Jackson Av
721N,Vernon Blvd - Jackson Av
721S,Vernon Blvd - Jackson Av
723,Grand Central - 42 St
723N,Grand Central - 42 St
723S,Grand Central - 42 St
724,5 Av
724N,5 Av
724S,5 Av
725,Times Sq - 42 St
725N,Times Sq - 42 St
725S,Times Sq - 42 St
726,34 St - Hudson Yards
726N,34 St - Hudson Yards
726S,34 St - Hudson Yards
A02,Inwood - 207 St
A02N,Inwood - 207 St
A02S,Inwood - 207 St
A03,Dyckman St
A03N,Dyckman St
A03S,Dyckman St
A05,190 St
A05N,190 St
A05S,190 St
A06,181 St
A06N,181 St
A06S,181 St
A07,175 St
A07N,175 St
A07S,175 St
A09,168 St
A09N,168 St
A09S,168 St
A12,145 St
A12N,145 St
A12S,145 St
A15,125 St
A15N,125 St
A15S,125 St
A24,59 St - Columbus Circle
A24N,59 St - Columbus Circle
A24S,59 St - Columbus Circle
A27,42 St - Port Authority Bus Terminal
A27N,42 St - Port Authority Bus Terminal
A27S,42 St - Port Authority Bus Terminal
A28,34 St - Penn Station
A28N,34 St - Penn Station
A28S,34 St - Penn Station
A31,14 St
A31N,14 St
A31S,14 St
A32,W 4 St
A32N,W 4 St
A32S,W 4 St
A34,Canal St
A34N,Canal St
A34S,Canal St
A36,Chambers St
A36N,Chambers St
A36S,Chambers St
A38,Fulton St
A38N,Fulton St
A38S,Fulton St
A40,High St
A40N,High St
A40S,High St
A41,Jay St - MetroTech
A41N,Jay St - MetroTech
A41S,Jay St - MetroTech
A42,Hoyt - Schermerhorn Sts
A42N,Hoyt - Schermerhorn Sts
A42S,Hoyt - Schermerhorn Sts
A46,Nostrand Av
A46N,Nostrand Av
A46S,Nostrand Av
A48,Utica Av
A48N,Utica Av
A48S,Utica Av
A51,Broadway Jct
A51N,Broadway Jct
A51S,Broadway Jct
A55,Euclid Av
A55N,Euclid Av
A55S,Euclid Av
A57,Grant Av
A57N,Grant Av
A57S,Grant Av
A59,80 St
A59N,80 St
A59S,80 St
A60,88 St
A60N,88 St
A60S,88 St
A61,Rockaway Blvd
A61N,Rockaway Blvd
A61S,Rockaway Blvd
A63,104 St
A63N,104 St
A63S,104 St
A64,111 St
A64N,111 St
A64S,111 St
A65,Ozone Park - Lefferts Blvd
A65N,Ozone Park - Lefferts Blvd
A65S,Ozone Park - Lefferts Blvd
A66,Aqueduct - N Conduit Av
A66N,Aqueduct - N Conduit Av
A66S,Aqueduct - N Conduit Av
A67,Howard Beach - JFK Airport
A67N,Howard Beach - JFK Airport
A67S,Howard Beach - JFK Airport
A68,Broad Channel
A68N,Broad Channel
A68S,Broad Channel
A69,Beach 67 St
A69N,Beach 67 St
A69S,Beach 67 St
A70,Beach 60 St
A70N,Beach 60 St
A70S,Beach 60 St
A71,Beach 44 St
A71N,Beach 44 St
A71S,Beach 44 St
A72,Beach 36 St
A72N,Beach 36 St
A72S,Beach 36 St
A73,Beach 25 St
A73N,Beach 25 St
A73S,Beach 25 St
A74,Far Rockaway - Mott Av
A74N,Far Rockaway - Mott Av
A74S,Far Rockaway - Mott Av
A75,Beach 90 St
A75N,Beach 90 St
A75S,Beach 90 St
A76,Beach 98 St
A76N,Beach 98 St
A76S,Beach 98 St
A78,Beach 105 St
A78N,Beach 105 St
A78S,Beach 105 St
A79,Rockaway Park - Beach 116 St
A79N,Rockaway Park - Beach 116 St
A79S,Rockaway Park - Beach 116 St
B01,Bedford Park Blvd
B01N,Bedford Park Blvd
B01S,Bedford Park Blvd
B02,Kingsbridge Rd
B02N,Kingsbridge Rd
B02S,Kingsbridge Rd
B03,Fordham Rd
B03N,Fordham Rd
B03S,Fordham Rd
B04,182 - 183 Sts
B04N,182 - 183 Sts
B04S,182 - 183 Sts
B05,Tremont Av
B05N,Tremont Av
B05S,Tremont Av
B06,174 - 175 Sts
B06N,174 - 175 Sts
B06S,174 - 175 Sts
B07,170 St
B07N,170 St
B07S,170 St
B08,167 St
B08N,167 St
B08S,167 St
B09,161 St - Yankee Stadium
B09N,161 St - Yankee Stadium
B09S,161 St - Yankee Stadium
B10,155 St
B10N,155 St
B10S,155 St
B11,145 St
B11N,145 St
B11S,145 St
B12,135 St
B12N,135 St
B12S,135 St
B13,116 St
B13N,116 St
B13S,116 St
B14,Cathedral Pkwy (110 St)
B14N,Cathedral Pkwy (110 St)
B14S,Cathedral Pkwy (110 St)
B15,103 St
B15N,103 St
B15S,103 St
B16,96 St
B16N,96 St
B16S,96 St
B17,86 St
B17N,86 St
B17S,86 St
B18,81 St - Museum of Natural History
B18N,81 St - Museum of Natural History
B18S,81 St - Museum of Natural History
B19,72 St
B19N,72 St
B19S,72 St
B20,59 St - Columbus Circle
B20N,59 St - Columbus Circle
B20S,59 St - Columbus Circle
B21,7 Av
B21N,7 Av
B21S,7 Av
B22,47 - 50 Sts - Rockefeller Ctr
B22N,47 - 50 Sts - Rockefeller Ctr
B22S,47 - 50 Sts - Rockefeller Ctr
B23,42 St - Bryant Pk
B23N,42 St - Bryant Pk
B23S,42 St - Bryant Pk
B24,34 St - Herald Sq
B24N,34 St - Herald Sq
B24S,34 St - Herald Sq
B25,W 4 St
B25N,W 4 St
B25S,W 4 St
B26,Broadway - Lafayette St
B26N,Broadway - Lafayette St
B26S,Broadway - Lafayette St
B27,Grand St
B27N,Grand St
B27S,Grand St
B28,DeKalb Av
B28N,DeKalb Av
B28S,DeKalb Av
B29,Atlantic Av-Barclays Ctr
B29N,Atlantic Av-Barclays Ctr
B29S,Atlantic Av-Barclays Ctr
B30,7 Av
B30N,7 Av
B30S,7 Av
B31,Prospect Park
B31N,Prospect Park
B31S,Prospect Park
B32,Church Av
B32N,Church Av
B32S,Church Av
B33,Newkirk Av
B33N,Newkirk Av
B33S,Newkirk Av
B34,Kings Hwy
B34N,Kings Hwy
B34S,Kings Hwy
B35,Sheepshead Bay
B35N,Sheepshead Bay
B35S,Sheepshead Bay
B36,Brighton Beach
B36N,Brighton Beach
B36S,Brighton Beach
C01,168 St
C01N,168 St
C01S,168 St
C02,163 St - Amsterdam Av
C02N,163 St - Amsterdam Av
C02S,163 St - Amsterdam Av
C03,155 St
C03N,155 St
C03S,155 St
C04,145 St
C04N,145 St
C04S,145 St
C05,135 St
C05N,135 St
C05S,135 St
C06,125 St
C06N,125 St
C06S,125 St
C07,116 St
C07N,116 St
C07S,116 St
C08,Cathedral Pkwy (110 St)
C08N,Cathedral Pkwy (110 St)
C08S,Cathedral Pkwy (110 St)
C09,103 St
C09N,103 St
C09S,103 St
C10,96 St
C10N,96 St
C10S,96 St
C11,86 St
C11N,86 St
C11S,86 St
C12,81 St - Museum of Natural History
C12N,81 St - Museum of Natural History
C12S,81 St - Museum of Natural History
C13,72 St
C13N,72 St
C13S,72 St
C14,59 St - Columbus Circle
C14N,59 St - Columbus Circle
C14S,59 St - Columbus Circle
C15,50 St
C15N,50 St
C15S,50 St
C16,42 St - Port Authority Bus Terminal
C16N,42 St - Port Authority Bus Terminal
C16S,42 St - Port Authority Bus Terminal
C17,34 St - Penn Station
C17N,34 St - Penn Station
C17S,34 St - Penn Station
C18,23 St
C18N,23 St
C18S,23 St
C19,14 St
C19N,14 St
C19S,14 St
C20,W 4 St
C20N,W 4 St
C20S,W 4 St
C21,Spring St
C21N,Spring St
C21S,Spring St
C22,Canal St
C22N,Canal St
C22S,Canal St
C23,Chambers St
C23N,Chambers St
C23S,Chambers St
C24,Fulton St
C24N,Fulton St
C24S,Fulton St
C25,High St
C25N,High St
C25S,High St
C26,Jay St - MetroTech
C26N,Jay St - MetroTech
C26S,Jay St - MetroTech
C27,Hoyt - Schermerhorn Sts
C27N,Hoyt - Schermerhorn Sts
C27S,Hoyt - Schermerhorn Sts
C28,Lafayette Av
C28N,Lafayette Av
C28S,Lafayette Av
C29,Clinton - Washington Avs
C29N,Clinton - Washington Avs
C29S,Clinton - Washington Avs
C30,Franklin Av
C30N,Franklin Av
C30S,Franklin Av
C31,Nostrand Av
C31N,Nostrand Av
C31S,Nostrand Av
C32,Kingston - Throop Avs
C32N,Kingston - Throop Avs
C32S,Kingston - Throop Avs
C33,Utica Av
C33N,Utica Av
C33S,Utica Av
C34,Ralph Av
C34N,Ralph Av
C34S,Ralph Av
C35,Rockaway Av
C35N,Rockaway Av
C35S,Rockaway Av
C36,Broadway Jct
C36N,Broadway Jct
C36S,Broadway Jct
C37,Liberty Av
C37N,Liberty Av
C37S,Liberty Av
C38,Van Siclen Av
C38N,Van Siclen Av
C38S,Van Siclen Av
C39,Shepherd Av
C39N,Shepherd Av
C39S,Shepherd Av
C40,Euclid Av
C40N,Euclid Av
C40S,Euclid Av
D01,Norwood - 205 St
D01N,Norwood - 205 St
D01S,Norwood - 205 St
D03,Bedford Park Blvd
D03N,Bedford Park Blvd
D03S,Bedford Park Blvd
D04,Kingsbridge Rd
D04N,Kingsbridge Rd
D04S,Kingsbridge Rd
D05,Fordham Rd
D05N,Fordham Rd
D05S,Fordham Rd
D06,182 - 183 Sts
D06N,182 - 183 Sts
D06S,182 - 183 Sts
D07,Tremont Av
D07N,Tremont Av
D07S,Tremont Av
D08,174 - 175 Sts
D08N,174 - 175 Sts
D08S,174 - 175 Sts
D09,170 St
D09N,170 St
D09S,170 St
D10,167 St
D10N,167 St
D10S,167 St
D11,161 St - Yankee Stadium
D11N,161 St - Yankee Stadium
D11S,161 St - Yankee Stadium
D12,155 St
D12N,155 St
D12S,155 St
D13,145 St
D13N,145 St
D13S,145 St
D13.1,125 St
D13.1N,125 St
D13.1S,125 St
D13.2,59 St - Columbus Circle
D13.2N,59 St - Columbus Circle
D13.2S,59 St - Columbus Circle
D14,7 Av
D14N,7 Av
D14S,7 Av
D15,47 - 50 Sts - Rockefeller Ctr
D15N,47 - 50 Sts - Rockefeller Ctr
D15S,47 - 50 Sts - Rockefeller Ctr
D16,42 St - Bryant Pk
D16N,42 St - Bryant Pk
D16S,42 St - Bryant Pk
D17,34 St - Herald Sq
D17N,34 St - Herald Sq
D17S,34 St - Herald Sq
D20,W 4 St
D20N,W 4 St
D20S,W 4 St
D21,Broadway - Lafayette St
D21N,Broadway - Lafayette St
D21S,Broadway - Lafayette St
D22,Grand St
D22N,Grand St
D22S,Grand St
D24,Atlantic Av-Barclays Ctr
D24N,Atlantic Av-Barclays Ctr
D24S,Atlantic Av-Barclays Ctr
D25,36 St
D25N,36 St
D25S,36 St
D26,9 Av
D26N,9 Av
D26S,9 Av
D27,Fort Hamilton Pkwy
D27N,Fort Hamilton Pkwy
D27S,Fort Hamilton Pkwy
D28,50 St
D28N,50 St
D28S,50 St
D29,55 St
D29N,55 St
D29S,55 St
D30,62 St
D30N,62 St
D30S,62 St
D31,71 St
D31N,71 St
D31S,71 St
D32,79 St
D32N,79 St
D32S,79 St
D33,18 Av
D33N,18 Av
D33S,18 Av
D34,20 Av
D34N,20 Av
D34S,20 Av
D35,Bay Pkwy
D35N,Bay Pkwy
D35S,Bay Pkwy
D36,25 Av
D36N,25 Av
D36S,25 Av
D37,Bay 50 St
D37N,Bay 50 St
D37S,Bay 50 St
D38,Coney Island - Stillwell Av
D38N,Coney Island - Stillwell Av
D38S,Coney Island - Stillwell Av
E01,Jamaica Center - Parsons/Archer
E01N,Jamaica Center - Parsons/Archer
E01S,Jamaica Center - Parsons/Archer
E02,Sutphin Blvd - Archer Av - JFK Airport
E02N,Sutphin Blvd - Archer Av - JFK Airport
E02S,Sutphin Blvd - Archer Av - JFK Airport
E03,Jamaica - Van Wyck
E03N,Jamaica - Van Wyck
E03S,Jamaica - Van Wyck
E04,Briarwood - Van Wyck Blvd
E04N,Briarwood - Van Wyck Blvd
E04S,Briarwood - Van Wyck Blvd
E05,Kew Gardens - Union Tpke
E05N,Kew Gardens - Union Tpke
E05S,Kew Gardens - Union Tpke
E06,75 Av
E06N,75 Av
E06S,75 Av
E07,Forest Hills - 71 Av
E07N,Forest Hills - 71 Av
E07S,Forest Hills - 71 Av
E08,Jackson Hts - Roosevelt Av
E08N,Jackson Hts - Roosevelt Av
E08S,Jackson Hts - Roosevelt Av
E09,Queens Plaza
E09N,Queens Plaza
E09S,Queens Plaza
E10,Court Sq - 23 St
E10N,Court Sq - 23 St
E10S,Court Sq - 23 St
E11,Lexington Av/53 St
E11N,Lexington Av/53 St
E11S,Lexington Av/53 St
E12,5 Av/53 St
E12N,5 Av/53 St
E12S,5 Av/53 St
E13,7 Av
E13N,7 Av
E13S,7 Av
E14,50 St
E14N,50 St
E14S,50 St
E15,42 St - Port Authority Bus Terminal
E15N,42 St - Port Authority Bus Terminal
E15S,42 St - Port Authority Bus Terminal
E16,34 St - Penn Station
E16N,34 St - Penn Station
E16S,34 St - Penn Station
E17,23 St
E17N,23 St
E17S,23 St
E18,14 St
E18N,14 St
E18S,14 St
E19,W 4 St
E19N,W 4 St
E19S,W 4 St
E20,Spring St
E20N,Spring St
E20S,Spring St
E21,Canal St
E21N,Canal St
E21S,Canal St
E22,World Trade Center
E22N,World Trade Center
E22S,World Trade Center
F01,Jamaica - 179 St
F01N,Jamaica - 179 St
F01S,Jamaica - 179 St
F02,169 St
F02N,169 St
F02S,169 St
F03,Parsons Blvd
F03N,Parsons Blvd
F03S,Parsons Blvd
F04,Sutphin Blvd
F04N,Sutphin Blvd
F04S,Sutphin Blvd
F05,Briarwood - Van Wyck Blvd
F05N,Briarwood - Van Wyck Blvd
F05S,Briarwood - Van Wyck Blvd
F06,Kew Gardens - Union Tpke
F06N,Kew Gardens - Union Tpke
F06S,Kew Gardens - Union Tpke
F07,75 Av
F07N,75 Av
F07S,75 Av
F08,Forest Hills - 71 Av
F08N,Forest Hills - 71 Av
F08S,Forest Hills - 71 Av
F09,Jackson Hts - Roosevelt Av
F09N,Jackson Hts - Roosevelt Av
F09S,Jackson Hts - Roosevelt Av
F10,21 St - Queensbridge
F10N,21 St - Queensbridge
F10S,21 St - Queensbridge
F11,Roosevelt Island
F11N,Roosevelt Island
F11S,Roosevelt Island
F12,Lexington Av/63 St
F12N,Lexington Av/63 St
F12S,Lexington Av/63 St
F13,57 St
F13N,57 St
F13S,57 St
F13.1,47 - 50 Sts - Rockefeller Ctr
F13.1N,47 - 50 Sts - Rockefeller Ctr
F13.1S,47 - 50 Sts - Rockefeller Ctr
F13.2,42 St - Bryant Pk
F13.2N,42 St - Bryant Pk
F13.2S,42 St - Bryant Pk
F13.3,34 St - Herald Sq
F13.3N,34 St - Herald Sq
F13.3S,34 St - Herald Sq
F13.4,23 St
F13.4N,23 St
F13.4S,23 St
F13.5,14 St
F13.5N,14 St
F13.5S,14 St
F13.6,W 4 St
F13.6N,W 4 St
F13.6S,W 4 St
F13.7,Broadway - Lafayette St
F13.7N,Broadway - Lafayette St
F13.7S,Broadway - Lafayette St
F14,2 Av
F14N,2 Av
F14S,2 Av
F15,Delancey St
F15N,Delancey St
F15S,Delancey St
F16,East Broadway
F16N,East Broadway
F16S,East Broadway
F18,York St
F18N,York St
F18S,York St
F19,Jay St - MetroTech
F19N,Jay St - MetroTech
F19S,Jay St - MetroTech
F20,Bergen St
F20N,Bergen St
F20S,Bergen St
F21,Carroll St
F21N,Carroll St
F21S,Carroll St
F22,Smith - 9 Sts
F22N,Smith - 9 Sts
F22S,Smith - 9 Sts
F23,4 Av - 9 St
F23N,4 Av - 9 St
F23S,4 Av - 9 St
F24,7 Av
F24N,7 Av
F24S,7 Av
F25,15 St - Prospect Park
F25N,15 St - Prospect Park
F25S,15 St - Prospect Park
F26,Fort Hamilton Pkwy
F26N,Fort Hamilton Pkwy
F26S,Fort Hamilton Pkwy
F27,Church Av
F27N,Church Av
F27S,Church Av
F29,Ditmas Av
F29N,Ditmas Av
F29S,Ditmas Av
F30,18 Av
F30N,18 Av
F30S,18 Av
F31,Avenue I
F31N,Avenue I
F31S,Avenue I
F32,Bay Pkwy
F32N,Bay Pkwy
F32S,Bay Pkwy
F33,Avenue N
F33N,Avenue N
F33S,Avenue N
F34,Avenue P
F34N,Avenue P
F34S,Avenue P
F35,Kings Hwy
F35N,Kings Hwy
F35S,Kings Hwy
F36,Avenue U
F36N,Avenue U
F36S,Avenue U
F38,Avenue X
F38N,Avenue X
F38S,Avenue X
F39,Neptune Av
F39N,Neptune Av
F39S,Neptune Av
F40,W 8 St - NY Aquarium
F40N,W 8 St - NY Aquarium
F40S,W 8 St - NY Aquarium
F41,Coney Island - Stillwell Av
F41N,Coney Island - Stillwell Av
F41S,Coney Island - Stillwell Av
G01,Long Island City - Court Sq
G01N,Long Island City - Court Sq
G01S,Long Island City - Court Sq
G02,21 St
G02N,21 St
G02S,21 St
G03,Greenpoint Av
G03N,Greenpoint Av
G03S,Greenpoint Av
G04,Nassau Av
G04N,Nassau Av
G04S,Nassau Av
G05,Metropolitan Av
G05N,Metropolitan Av
G05S,Metropolitan Av
G06,Broadway
G06N,Broadway
G06S,Broadway
G07,Flushing Av
G07N,Flushing Av
G07S,Flushing Av
G08,Myrtle - Willoughby Avs
G08N,Myrtle - Willoughby Avs
G08S,Myrtle - Willoughby Avs
G09,Bedford - Nostrand Avs
G09N,Bedford - Nostrand Avs
G09S,Bedford - Nostrand Avs
G10,Classon Av
G10N,Classon Av
G10S,Classon Av
G11,Clinton - Washington Avs
G11N,Clinton - Washington Avs
G11S,Clinton - Washington Avs
G12,Fulton St
G12N,Fulton St
G12S,Fulton St
G13,Hoyt - Schermerhorn Sts
G13N,Hoyt - Schermerhorn Sts
G13S,Hoyt - Schermerhorn Sts
G14,Bergen St
G14N,Bergen St
G14S,Bergen St
G15,Carroll St
G15N,Carroll St
G15S,Carroll St
G16,Smith - 9 Sts
G16N,Smith - 9 Sts
G16S,Smith - 9 Sts
G17,4 Av - 9 St
G17N,4 Av - 9 St
G17S,4 Av - 9 St
G18,7 Av
G18N,7 Av
G18S,7 Av
G19,15 St - Prospect Park
G19N,15 St - Prospect Park
G19S,15 St - Prospect Park
G20,Fort Hamilton Pkwy
G20N,Fort Hamilton Pkwy
G20S,Fort Hamilton Pkwy
G21,Church Av
G21N,Church Av
G21S,Church Av
J01,Jamaica Center - Parsons/Archer
J01N,Jamaica Center - Parsons/Archer
J01S,Jamaica Center - Parsons/Archer
J02,Sutphin Blvd - Archer Av - JFK Airport
J02N,Sutphin Blvd - Archer Av - JFK Airport
J02S,Sutphin Blvd - Archer Av - JFK Airport
J03,121 St
J03N,121 St
J03S,121 St
J04,111 St
J04N,111 St
J04S,111 St
J05,104 St
J05N,104 St
J05S,104 St
J06,Woodhaven Blvd
J06N,Woodhaven Blvd
J06S,Woodhaven Blvd
J07,85 St - Forest Pkwy
J07N,85 St - Forest Pkwy
J07S,85 St - Forest Pkwy
J08,75 St - Elderts Ln
J08N,75 St - Elderts Ln
J08S,75 St - Elderts Ln
J09,Cypress Hills
J09N,Cypress Hills
J09S,Cypress Hills
J10,Crescent St
J10N,Crescent St
J10S,Crescent St
J11,Norwood Av
J11N,Norwood Av
J11S,Norwood Av
J12,Cleveland St
J12N,Cleveland St
J12S,Cleveland St
J13,Van Siclen Av
J13N,Van Siclen Av
J13S,Van Siclen Av
J14,Alabama Av
J14N,Alabama Av
J14S,Alabama Av
J15,Broadway Jct
J15N,Broadway Jct
J15S,Broadway Jct
J16,Chauncey St
J16N,Chauncey St
J16S,Chauncey St
J17,Halsey St
J17N,Halsey St
J17S,Halsey St
J18,Gates Av
J18N,Gates Av
J18S,Gates Av
J19,Kosciusko St
J19N,Kosciusko St
J19S,Kosciusko St
J20,Myrtle Av
J20N,Myrtle Av
J20S,Myrtle Av
J21,Flushing Av
J21N,Flushing Av
J21S,Flushing Av
J22,Lorimer St
J22N,Lorimer St
J22S,Lorimer St
J23,Hewes St
J23N,Hewes St
J23S,Hewes St
J24,Marcy Av
J24N,Marcy Av
J24S,Marcy Av
J25,Essex St
J25N,Essex St
J25S,Essex St
J26,Bowery
J26N,Bowery
J26S,Bowery
J27,Canal St
J27N,Canal St
J27S,Canal St
J28,Chambers St
J28N,Chambers St
J28S,Chambers St
J29,Fulton St
J29N,Fulton St
J29S,Fulton St
J30,Broad St
J30N,Broad St
J30S,Broad St
L01,8 Av
L01N,8 Av
L01S,8 Av
L02,6 Av
L02N,6 Av
L02S,6 Av
L03,Union Sq - 14 St
L03N,Union Sq - 14 St
L03S,Union Sq - 14 St
L05,3 Av
L05N,3 Av
L05S,3 Av
L06,1 Av
L06N,1 Av
L06S,1 Av
L08,Bedford Av
L08N,Bedford Av
L08S,Bedford Av
L10,Lorimer St
L10N,Lorimer St
L10S,Lorimer St
L11,Graham Av
L11N,Graham Av
L11S,Graham Av
L12,Grand St
L12N,Grand St
L12S,Grand St
L13,Montrose Av
L13N,Montrose Av
L13S,Montrose Av
L14,Morgan Av
L14N,Morgan Av
L14S,Morgan Av
L15,Jefferson St
L15N,Jefferson St
L15S,Jefferson St
L16,DeKalb Av
L16N,DeKalb Av
L16S,DeKalb Av
L17,Myrtle - Wyckoff Avs
L17N,Myrtle - Wyckoff Avs
L17S,Myrtle - Wyckoff Avs
L19,Halsey St
L19N,Halsey St
L19S,Halsey St
L20,Wilson Av
L20N,Wilson Av
L20S,Wilson Av
L21,Bushwick Av - Aberdeen St
L21N,Bushwick Av - Aberdeen St
L21S,Bushwick Av - Aberdeen St
L22,Broadway Jct
L22N,Broadway Jct
L22S,Broadway Jct
L24,Atlantic Av
L24N,Atlantic Av
L24S,Atlantic Av
L25,Sutter Av
L25N,Sutter Av
L25S,Sutter Av
L26,Livonia Av
L26N,Livonia Av
L26S,Livonia Av
L27,New Lots Av
L27N,New Lots Av
L27S,New Lots Av
L28,E 105 St
L28N,E 105 St
L28S,E 105 St
L29,Canarsie - Rockaway Pkwy
L29N,Canarsie - Rockaway Pkwy
L29S,Canarsie - Rockaway Pkwy
M01,Forest Hills - 71 Av
M01N,Forest Hills - 71 Av
M01S,Forest Hills - 71 Av
M02,67 Av
M02N,67 Av
M02S,67 Av
M03,63 Dr - Rego Park
M03N,63 Dr - Rego Park
M03S,63 Dr - Rego Park
M04,Woodhaven Blvd
M04N,Woodhaven Blvd
M04S,Woodhaven Blvd
M05,Grand Av - Newtown
M05N,Grand Av - Newtown
M05S,Grand Av - Newtown
M06,Elmhurst Av
M06N,Elmhurst Av
M06S,Elmhurst Av
M07,Jackson Hts - Roosevelt Av
M07N,Jackson Hts - Roosevelt Av
M07S,Jackson Hts - Roosevelt Av
M08,65 St
M08N,65 St
M08S,65 St
M09,Northern Blvd
M09N,Northern Blvd
M09S,Northern Blvd
M10,46 St
M10N,46 St
M10S,46 St
M11,Steinway St
M11N,Steinway St
M11S,Steinway St
M12,36 St
M12N,36 St
M12S,36 St
M13,Queens Plaza
M13N,Queens Plaza
M13S,Queens Plaza
M14,Lexington Av/53 St
M14N,Lexington Av/53 St
M14S,Lexington Av/53 St
M15,5 Av/53 St
M15N,5 Av/53 St
M15S,5 Av/53 St
M16,47 - 50 Sts - Rockefeller Ctr
M16N,47 - 50 Sts - Rockefeller Ctr
M16S,47 - 50 Sts - Rockefeller Ctr
M17,42 St - Bryant Pk
M17N,42 St - Bryant Pk
M17S,42 St - Bryant Pk
M18,34 St - Herald Sq
M18N,34 St - Herald Sq
M18S,34 St - Herald Sq
M19,23 St
M19N,23 St
M19S,23 St
M20,14 St
M20N,14 St
M20S,14 St
M21,W 4 St
M21N,W 4 St
M21S,W 4 St
M22,Broadway - Lafayette St
M22N,Broadway - Lafayette St
M22S,Broadway - Lafayette St
M23,Essex St
M23N,Essex St
M23S,Essex St
M24,Marcy Av
M24N,Marcy Av
M24S,Marcy Av
M25,Hewes St
M25N,Hewes St
M25S,Hewes St
M26,Lorimer St
M26N,Lorimer St
M26S,Lorimer St
M27,Flushing Av
M27N,Flushing Av
M27S,Flushing Av
M28,Myrtle Av
M28N,Myrtle Av
M28S,Myrtle Av
M29,Central Av
M29N,Central Av
M29S,Central Av
M30,Knickerbocker Av
M30N,Knickerbocker Av
M30S,Knickerbocker Av
M31,Myrtle - Wyckoff Avs
M31N,Myrtle - Wyckoff Avs
M31S,Myrtle - Wyckoff Avs
M32,Seneca Av
M32N,Seneca Av
M32S,Seneca Av
M33,Forest Av
M33N,Forest Av
M33S,Forest Av
M34,Fresh Pond Rd
M34N,Fresh Pond Rd
M34S,Fresh Pond Rd
M35,Middle Village - Metropolitan Av
M35N,Middle Village - Metropolitan Av
M35S,Middle Village - Metropolitan Av
N01,Astoria - Ditmars Blvd
N01N,Astoria - Ditmars Blvd
N01S,Astoria - Ditmars Blvd
N02,Astoria Blvd
N02N,Astoria Blvd
N02S,Astoria Blvd
N03,30 Av
N03N,30 Av
N03S,30 Av
N04,Broadway
N04N,Broadway
N04S,Broadway
N05,36 Av
N05N,36 Av
N05S,36 Av
N06,39 Av
N06N,39 Av
N06S,39 Av
N07,Queensboro Plaza
N07N,Queensboro Plaza
N07S,Queensboro Plaza
N08,Lexington Av/59 St
N08N,Lexington Av/59 St
N08S,Lexington Av/59 St
N09,5 Av/59 St
N09N,5 Av/59 St
N09S,5 Av/59 St
N10,57 St - 7 Av
N10N,57 St - 7 Av
N10S,57 St - 7 Av
N11,49 St
N11N,49 St
N11S,49 St
N12,Times Sq - 42 St
N12N,Times Sq - 42 St
N12S,Times Sq - 42 St
N13,34 St - Herald Sq
N13N,34 St - Herald Sq
N13S,34 St - Herald Sq
N14,28 St
N14N,28 St
N14S,28 St
N15,23 St
N15N,23 St
N15S,23 St
N16,14 St - Union Sq
N16N,14 St - Union Sq
N16S,14 St - Union Sq
N17,8 St - NYU
N17N,8 St - NYU
N17S,8 St - NYU
N18,Prince St
N18N,Prince St
N18S,Prince St
N19,Canal St
N19N,Canal St
N19S,Canal St
N20,Atlantic Av-Barclays Ctr
N20N,Atlantic Av-Barclays Ctr
N20S,Atlantic Av-Barclays Ctr
N21,36 St
N21N,36 St
N21S,36 St
N22,59 St
N22N,59 St
N22S,59 St
N23,8 Av
N23N,8 Av
N23S,8 Av
N24,Fort Hamilton Pkwy
N24N,Fort Hamilton Pkwy
N24S,Fort Hamilton Pkwy
N25,New Utrecht Av
N25N,New Utrecht Av
N25S,New Utrecht Av
N26,18 Av
N26N,18 Av
N26S,18 Av
N27,20 Av
N27N,20 Av
N27S,20 Av
N28,Bay Pkwy
N28N,Bay Pkwy
N28S,Bay Pkwy
N29,Kings Hwy
N29N,Kings Hwy
N29S,Kings Hwy
N30,Avenue U
N30N,Avenue U
N30S,Avenue U
N31,86 St
N31N,86 St
N31S,86 St
N32,Coney Island - Stillwell Av
N32N,Coney Island - Stillwell Av
N32S,Coney Island - Stillwell Av
Q01,Astoria - Ditmars Blvd
Q01N,Astoria - Ditmars Blvd
Q01S,Astoria - Ditmars Blvd
Q02,Astoria Blvd
Q02N,Astoria Blvd
Q02S,Astoria Blvd
Q03,30 Av
Q03N,30 Av
Q03S,30 Av
Q04,Broadway
Q04N,Broadway
Q04S,Broadway
Q05,36 Av
Q05N,36 Av
Q05S,36 Av
Q06,39 Av
Q06N,39 Av
Q06S,39 Av
Q07,Queensboro Plaza
Q07N,Queensboro Plaza
Q07S,Queensboro Plaza
Q08,Lexington Av/59 St
Q08N,Lexington Av/59 St
Q08S,Lexington Av/59 St
Q09,5 Av/59 St
Q09N,5 Av/59 St
Q09S,5 Av/59 St
Q10,57 St - 7 Av
Q10N,57 St - 7 Av
Q10S,57 St - 7 Av
Q11,49 St
Q11N,49 St
Q11S,49 St
Q12,Times Sq - 42 St
Q12N,Times Sq - 42 St
Q12S,Times Sq - 42 St
Q13,34 St - Herald Sq
Q13N,34 St - Herald Sq
Q13S,34 St - Herald Sq
Q14,14 St - Union Sq
Q14N,14 St - Union Sq
Q14S,14 St - Union Sq
Q15,Canal St
Q15N,Canal St
Q15S,Canal St
Q16,DeKalb Av
Q16N,DeKalb Av
Q16S,DeKalb Av
Q17,Atlantic Av-Barclays Ctr
Q17N,Atlantic Av-Barclays Ctr
Q17S,Atlantic Av-Barclays Ctr
Q18,7 Av
Q18N,7 Av
Q18S,7 Av
Q19,Prospect Park
Q19N,Prospect Park
Q19S,Prospect Park
Q20,Parkside Av
Q20N,Parkside Av
Q20S,Parkside Av
Q21,Church Av
Q21N,Church Av
Q21S,Church Av
Q22,Beverly Rd
Q22N,Beverly Rd
Q22S,Beverly Rd
Q23,Cortelyou Rd
Q23N,Cortelyou Rd
Q23S,Cortelyou Rd
Q24,Newkirk Av
Q24N,Newkirk Av
Q24S,Newkirk Av
Q25,Avenue H
Q25N,Avenue H
Q25S,Avenue H
Q26,Avenue J
Q26N,Avenue J
Q26S,Avenue J
Q27,Avenue M
Q27N,Avenue M
Q27S,Avenue M
Q28,Kings Hwy
Q28N,Kings Hwy
Q28S,Kings Hwy
Q29,Avenue U
Q29N,Avenue U
Q29S,Avenue U
Q30,Neck Rd
Q30N,Neck Rd
Q30S,Neck Rd
Q31,Sheepshead Bay
Q31N,Sheepshead Bay
Q31S,Sheepshead Bay
Q32,Brighton Beach
Q32N,Brighton Beach
Q32S,Brighton Beach
Q33,Ocean Pkwy
Q33N,Ocean Pkwy
Q33S,Ocean Pkwy
Q34,W 8 St - NY Aquarium
Q34N,W 8 St - NY Aquarium
Q34S,W 8 St - NY Aquarium
Q35,Coney Island - Stillwell Av
Q35N,Coney Island - Stillwell Av
Q35S,Coney Island - Stillwell Av
R01,Forest Hills - 71 Av
R01N,Forest Hills - 71 Av
R01S,Forest Hills - 71 Av
R02,67 Av
R02N,67 Av
R02S,67 Av
R03,63 Dr - Rego Park
R03N,63 Dr - Rego Park
R03S,63 Dr - Rego Park
R04,Woodhaven Blvd
R04N,Woodhaven Blvd
R04S,Woodhaven Blvd
R05,Grand Av - Newtown
R05N,Grand Av - Newtown
R05S,Grand Av - Newtown
R06,Elmhurst Av
R06N,Elmhurst Av
R06S,Elmhurst Av
R07,Jackson Hts - Roosevelt Av
R07N,Jackson Hts - Roosevelt Av
R07S,Jackson Hts - Roosevelt Av
R08,65 St
R08N,65 St
R08S,65 St
R09,Northern Blvd
R09N,Northern Blvd
R09S,Northern Blvd
R10,46 St
R10N,46 St
R10S,46 St
R11,Steinway St
R11N,Steinway St
R11S,Steinway St
R12,36 St
R12N,36 St
R12S,36 St
R13,Queens Plaza
R13N,Queens Plaza
R13S,Queens Plaza
R14,Lexington Av/59 St
R14N,Lexington Av/59 St
R14S,Lexington Av/59 St
R15,5 Av/59 St
R15N,5 Av/59 St
R15S,5 Av/59 St
R16,57 St - 7 Av
R16N,57 St - 7 Av
R16S,57 St - 7 Av
R17,49 St
R17N,49 St
R17S,49 St
R18,Times Sq - 42 St
R18N,Times Sq - 42 St
R18S,Times Sq - 42 St
R19,34 St - Herald Sq
R19N,34 St - Herald Sq
R19S,34 St - Herald Sq
R20,28 St
R20N,28 St
R20S,28 St
R21,23 St
R21N,23 St
R21S,23 St
R22,14 St - Union Sq
R22N,14 St - Union Sq
R22S,14 St - Union Sq
R23,8 St - NYU
R23N,8 St - NYU
R23S,8 St - NYU
R24,Prince St
R24N,Prince St
R24S,Prince St
R25,Canal St
R25N,Canal St
R25S,Canal St
R26,City Hall
R26N,City Hall
R26S,City Hall
R27,Cortlandt St
R27N,Cortlandt St
R27S,Cortlandt St
R28,Rector St
R28N,Rector St
R28S,Rector St
R29,Whitehall St
R29N,Whitehall St
R29S,Whitehall St
R30,Court St
R30N,Court St
R30S,Court St
R31,Jay St - MetroTech
R31N,Jay St - MetroTech
R31S,Jay St - MetroTech
R32,DeKalb Av
R32N,DeKalb Av
R32S,DeKalb Av
R33,Atlantic Av-Barclays Ctr
R33N,Atlantic Av-Barclays Ctr
R33S,Atlantic Av-Barclays Ctr
R34,Union St
R34N,Union St
R34S,Union St
R35,9 St
R35N,9 St
R35S,9 St
R36,Prospect Av
R36N,Prospect Av
R36S,Prospect Av
R37,25 St
R37N,25 St
R37S,25 St
R38,36 St
R38N,36 St
R38S,36 St
R39,45 St
R39N,45 St
R39S,45 St
R40,53 St
R40N,53 St
R40S,53 St
R41,59 St
R41N,59 St
R41S,59 St
R42,Bay Ridge Av
R42N,Bay Ridge Av
R42S,Bay Ridge Av
R43,77 St
R43N,77 St
R43S,77 St
R44,86 St
R44N,86 St
R44S,86 St
R45,Bay Ridge - 95 St
R45N,Bay Ridge - 95 St
R45S,Bay Ridge - 95 St
S01,Franklin Av
S01N,Franklin Av
S01S,Franklin Av
S03,Park Pl
S03N,Park Pl
S03S,Park Pl
S04,Botanic Garden
S04N,Botanic Garden
S04S,Botanic Garden
S09,Tottenville
S09N,Tottenville
S09S,Tottenville
S10,Atlantic
S10N,Atlantic
S10S,Atlantic
S12,Nassau
S12N,Nassau
S12S,Nassau
S13,Richmond Valley
S13N,Richmond Valley
S13S,Richmond Valley
S14,Pleasant Plains
S14N,Pleasant Plains
S14S,Pleasant Plains
S15,Prince's Bay
S15N,Prince's Bay
S15S,Prince's Bay
S16,Huguenot
S16N,Huguenot
S16S,Huguenot
S17,Annadale
S17N,Annadale
S17S,Annadale
S18,Eltingville
S18N,Eltingville
S18S,Eltingville
S19,Great Kills
S19N,Great Kills
S19S,Great Kills
S20,Bay Terrace
S20N,Bay Terrace
S20S,Bay Terrace
S21,Oakwood Heights
S21N,Oakwood Heights
S21S,Oakwood Heights
S22,New Dorp
S22N,New Dorp
S22S,New Dorp
S23,Grant City
S23N,Grant City
S23S,Grant City
S24,Jefferson Av
S24N,Jefferson Av
S24S,Jefferson Av
S25,Dongan Hills
S25N,Dongan Hills
S25S,Dongan Hills
S26,Old Town
S26N,Old Town
S26S,Old Town
S27,Grasmere
S27N,Grasmere
S27S,Grasmere
S28,Clifton
S28N,Clifton
S28S,Clifton
S29,Stapleton
S29N,Stapleton
S29S,Stapleton
S30,Tompkinsville
S30N,Tompkinsville
S30S,Tompkinsville
S31,St George
S31N,St George
S31S,St George
Z01,Jamaica Center - Parsons/Archer
Z01N,Jamaica Center - Parsons/Archer
Z01S,Jamaica Center - Parsons/Archer
Z02,Sutphin Blvd - Archer Av - JFK Airport
Z02N,Sutphin Blvd - Archer Av - JFK Airport
Z02S,Sutphin Blvd - Archer Av - JFK Airport
Z03,Woodhaven Blvd
Z03N,Woodhaven Blvd
Z03S,Woodhaven Blvd
Z04,Crescent St
Z04N,Crescent St
Z04S,Crescent St
Z05,Alabama Av
Z05N,Alabama Av
Z05S,Alabama Av
Z06,Broadway Jct
Z06N,Broadway Jct
Z06S,Broadway Jct
Z07,Myrtle Av
Z07N,Myrtle Av
Z07S,Myrtle Av
Z08,Marcy Av
Z08N,Marcy Av
Z08S,Marcy Av
Z09,Essex St
Z09N,Essex St
Z09S,Essex St
Z10,Bowery
Z10N,Bowery
Z10S,Bowery
Z11,Canal St
Z11N,Canal St
Z11S,Canal St
Z12,Chambers St
Z12N,Chambers St
Z12S,Chambers St
Z13,Fulton St
Z13N,Fulton St
Z13S,Fulton St
Z14,Broad St
Z14N,Broad St
Z14S,Broad St
